Workbook

Sheet Main_Summary
A1: Main Result Table — Task x Source x Target Roll-up
A2: Auto-pulls the best model + strategy per Task x Source x Target from the 3 task sheets (MAXIFS on F1, matched back via a lookup key). Fill the task sheets first.
A4: Task | B4: Source Language | C4: Target Language | D4: Best Model | E4: Best Strategy | F4: Best F1 | G4: Notes
A5: POS Tagging | B5: Hindi | C5: Bhojpuri | D5: =IFERROR(INDEX(POS_Tagging!$C$6:$C$59,MATCH(B5&"|"&C5&"|"&TEXT(F5,"0.0000"),POS_Tagging!$J$6:$J$59,0)),"") -> IndicBERT | E5: =IFERROR(INDEX(POS_Tagging!$D$6:$D$59,MATCH(B5&"|"&C5&"|"&TEXT(F5,"0.0000"),POS_Tagging!$J$6:$J$59,0)),"") -> Zero-shot | F5: =IFERROR(_xlfn.MAXIFS(POS_Tagging!$E$6:$E$59,POS_Tagging!$A$6:$A$59,B5,POS_Tagging!$B$6:$B$59,C5),"") -> 0
A6: POS Tagging | B6: Hindi | C6: Maithili | D6: =IFERROR(INDEX(POS_Tagging!$C$6:$C$59,MATCH(B6&"|"&C6&"|"&TEXT(F6,"0.0000"),POS_Tagging!$J$6:$J$59,0)),"") -> IndicBERT | E6: =IFERROR(INDEX(POS_Tagging!$D$6:$D$59,MATCH(B6&"|"&C6&"|"&TEXT(F6,"0.0000"),POS_Tagging!$J$6:$J$59,0)),"") -> Zero-shot | F6: =IFERROR(_xlfn.MAXIFS(POS_Tagging!$E$6:$E$59,POS_Tagging!$A$6:$A$59,B6,POS_Tagging!$B$6:$B$59,C6),"") -> 0
A7: POS Tagging | B7: Bengali | C7: Bhojpuri | D7: =IFERROR(INDEX(POS_Tagging!$C$6:$C$59,MATCH(B7&"|"&C7&"|"&TEXT(F7,"0.0000"),POS_Tagging!$J$6:$J$59,0)),"") -> IndicBERT | E7: =IFERROR(INDEX(POS_Tagging!$D$6:$D$59,MATCH(B7&"|"&C7&"|"&TEXT(F7,"0.0000"),POS_Tagging!$J$6:$J$59,0)),"") -> Zero-shot | F7: =IFERROR(_xlfn.MAXIFS(POS_Tagging!$E$6:$E$59,POS_Tagging!$A$6:$A$59,B7,POS_Tagging!$B$6:$B$59,C7),"") -> 0
A8: POS Tagging | B8: Bengali | C8: Maithili | D8: =IFERROR(INDEX(POS_Tagging!$C$6:$C$59,MATCH(B8&"|"&C8&"|"&TEXT(F8,"0.0000"),POS_Tagging!$J$6:$J$59,0)),"") -> IndicBERT | E8: =IFERROR(INDEX(POS_Tagging!$D$6:$D$59,MATCH(B8&"|"&C8&"|"&TEXT(F8,"0.0000"),POS_Tagging!$J$6:$J$59,0)),"") -> Zero-shot | F8: =IFERROR(_xlfn.MAXIFS(POS_Tagging!$E$6:$E$59,POS_Tagging!$A$6:$A$59,B8,POS_Tagging!$B$6:$B$59,C8),"") -> 0
A9: POS Tagging | B9: Marathi | C9: Bhojpuri | D9: =IFERROR(INDEX(POS_Tagging!$C$6:$C$59,MATCH(B9&"|"&C9&"|"&TEXT(F9,"0.0000"),POS_Tagging!$J$6:$J$59,0)),"") -> IndicBERT | E9: =IFERROR(INDEX(POS_Tagging!$D$6:$D$59,MATCH(B9&"|"&C9&"|"&TEXT(F9,"0.0000"),POS_Tagging!$J$6:$J$59,0)),"") -> Zero-shot | F9: =IFERROR(_xlfn.MAXIFS(POS_Tagging!$E$6:$E$59,POS_Tagging!$A$6:$A$59,B9,POS_Tagging!$B$6:$B$59,C9),"") -> 0
A10: POS Tagging | B10: Marathi | C10: Maithili | D10: =IFERROR(INDEX(POS_Tagging!$C$6:$C$59,MATCH(B10&"|"&C10&"|"&TEXT(F10,"0.0000"),POS_Tagging!$J$6:$J$59,0)),"") -> IndicBERT | E10: =IFERROR(INDEX(POS_Tagging!$D$6:$D$59,MATCH(B10&"|"&C10&"|"&TEXT(F10,"0.0000"),POS_Tagging!$J$6:$J$59,0)),"") -> Zero-shot | F10: =IFERROR(_xlfn.MAXIFS(POS_Tagging!$E$6:$E$59,POS_Tagging!$A$6:$A$59,B10,POS_Tagging!$B$6:$B$59,C10),"") -> 0
A11: Sentiment Analysis | B11: Hindi | C11: Bhojpuri | D11: =IFERROR(INDEX(Sentiment_Analysis!$C$6:$C$59,MATCH(B11&"|"&C11&"|"&TEXT(F11,"0.0000"),Sentiment_Analysis!$J$6:$J$59,0)),"") -> IndicBERT | E11: =IFERROR(INDEX(Sentiment_Analysis!$D$6:$D$59,MATCH(B11&"|"&C11&"|"&TEXT(F11,"0.0000"),Sentiment_Analysis!$J$6:$J$59,0)),"") -> Zero-shot | F11: =IFERROR(_xlfn.MAXIFS(Sentiment_Analysis!$E$6:$E$59,Sentiment_Analysis!$A$6:$A$59,B11,Sentiment_Analysis!$B$6:$B$59,C11),"") -> 0
A12: Sentiment Analysis | B12: Hindi | C12: Maithili | D12: =IFERROR(INDEX(Sentiment_Analysis!$C$6:$C$59,MATCH(B12&"|"&C12&"|"&TEXT(F12,"0.0000"),Sentiment_Analysis!$J$6:$J$59,0)),"") -> IndicBERT | E12: =IFERROR(INDEX(Sentiment_Analysis!$D$6:$D$59,MATCH(B12&"|"&C12&"|"&TEXT(F12,"0.0000"),Sentiment_Analysis!$J$6:$J$59,0)),"") -> Zero-shot | F12: =IFERROR(_xlfn.MAXIFS(Sentiment_Analysis!$E$6:$E$59,Sentiment_Analysis!$A$6:$A$59,B12,Sentiment_Analysis!$B$6:$B$59,C12),"") -> 0
A13: Sentiment Analysis | B13: Bengali | C13: Bhojpuri | D13: =IFERROR(INDEX(Sentiment_Analysis!$C$6:$C$59,MATCH(B13&"|"&C13&"|"&TEXT(F13,"0.0000"),Sentiment_Analysis!$J$6:$J$59,0)),"") -> IndicBERT | E13: =IFERROR(INDEX(Sentiment_Analysis!$D$6:$D$59,MATCH(B13&"|"&C13&"|"&TEXT(F13,"0.0000"),Sentiment_Analysis!$J$6:$J$59,0)),"") -> Zero-shot | F13: =IFERROR(_xlfn.MAXIFS(Sentiment_Analysis!$E$6:$E$59,Sentiment_Analysis!$A$6:$A$59,B13,Sentiment_Analysis!$B$6:$B$59,C13),"") -> 0
A14: Sentiment Analysis | B14: Bengali | C14: Maithili | D14: =IFERROR(INDEX(Sentiment_Analysis!$C$6:$C$59,MATCH(B14&"|"&C14&"|"&TEXT(F14,"0.0000"),Sentiment_Analysis!$J$6:$J$59,0)),"") -> IndicBERT | E14: =IFERROR(INDEX(Sentiment_Analysis!$D$6:$D$59,MATCH(B14&"|"&C14&"|"&TEXT(F14,"0.0000"),Sentiment_Analysis!$J$6:$J$59,0)),"") -> Zero-shot | F14: =IFERROR(_xlfn.MAXIFS(Sentiment_Analysis!$E$6:$E$59,Sentiment_Analysis!$A$6:$A$59,B14,Sentiment_Analysis!$B$6:$B$59,C14),"") -> 0
A15: Sentiment Analysis | B15: Marathi | C15: Bhojpuri | D15: =IFERROR(INDEX(Sentiment_Analysis!$C$6:$C$59,MATCH(B15&"|"&C15&"|"&TEXT(F15,"0.0000"),Sentiment_Analysis!$J$6:$J$59,0)),"") -> IndicBERT | E15: =IFERROR(INDEX(Sentiment_Analysis!$D$6:$D$59,MATCH(B15&"|"&C15&"|"&TEXT(F15,"0.0000"),Sentiment_Analysis!$J$6:$J$59,0)),"") -> Zero-shot | F15: =IFERROR(_xlfn.MAXIFS(Sentiment_Analysis!$E$6:$E$59,Sentiment_Analysis!$A$6:$A$59,B15,Sentiment_Analysis!$B$6:$B$59,C15),"") -> 0
A16: Sentiment Analysis | B16: Marathi | C16: Maithili | D16: =IFERROR(INDEX(Sentiment_Analysis!$C$6:$C$59,MATCH(B16&"|"&C16&"|"&TEXT(F16,"0.0000"),Sentiment_Analysis!$J$6:$J$59,0)),"") -> IndicBERT | E16: =IFERROR(INDEX(Sentiment_Analysis!$D$6:$D$59,MATCH(B16&"|"&C16&"|"&TEXT(F16,"0.0000"),Sentiment_Analysis!$J$6:$J$59,0)),"") -> Zero-shot | F16: =IFERROR(_xlfn.MAXIFS(Sentiment_Analysis!$E$6:$E$59,Sentiment_Analysis!$A$6:$A$59,B16,Sentiment_Analysis!$B$6:$B$59,C16),"") -> 0
A17: NER (WikiANN) | B17: Hindi | C17: Bhojpuri | D17: =IFERROR(INDEX(NER_WikiANN!$C$6:$C$59,MATCH(B17&"|"&C17&"|"&TEXT(F17,"0.0000"),NER_WikiANN!$J$6:$J$59,0)),"") -> IndicBERT | E17: =IFERROR(INDEX(NER_WikiANN!$D$6:$D$59,MATCH(B17&"|"&C17&"|"&TEXT(F17,"0.0000"),NER_WikiANN!$J$6:$J$59,0)),"") -> Zero-shot | F17: =IFERROR(_xlfn.MAXIFS(NER_WikiANN!$E$6:$E$59,NER_WikiANN!$A$6:$A$59,B17,NER_WikiANN!$B$6:$B$59,C17),"") -> 0
A18: NER (WikiANN) | B18: Hindi | C18: Maithili | D18: =IFERROR(INDEX(NER_WikiANN!$C$6:$C$59,MATCH(B18&"|"&C18&"|"&TEXT(F18,"0.0000"),NER_WikiANN!$J$6:$J$59,0)),"") -> IndicBERT | E18: =IFERROR(INDEX(NER_WikiANN!$D$6:$D$59,MATCH(B18&"|"&C18&"|"&TEXT(F18,"0.0000"),NER_WikiANN!$J$6:$J$59,0)),"") -> Zero-shot | F18: =IFERROR(_xlfn.MAXIFS(NER_WikiANN!$E$6:$E$59,NER_WikiANN!$A$6:$A$59,B18,NER_WikiANN!$B$6:$B$59,C18),"") -> 0
A19: NER (WikiANN) | B19: Bengali | C19: Bhojpuri | D19: =IFERROR(INDEX(NER_WikiANN!$C$6:$C$59,MATCH(B19&"|"&C19&"|"&TEXT(F19,"0.0000"),NER_WikiANN!$J$6:$J$59,0)),"") -> IndicBERT | E19: =IFERROR(INDEX(NER_WikiANN!$D$6:$D$59,MATCH(B19&"|"&C19&"|"&TEXT(F19,"0.0000"),NER_WikiANN!$J$6:$J$59,0)),"") -> Zero-shot | F19: =IFERROR(_xlfn.MAXIFS(NER_WikiANN!$E$6:$E$59,NER_WikiANN!$A$6:$A$59,B19,NER_WikiANN!$B$6:$B$59,C19),"") -> 0
A20: NER (WikiANN) | B20: Bengali | C20: Maithili | D20: =IFERROR(INDEX(NER_WikiANN!$C$6:$C$59,MATCH(B20&"|"&C20&"|"&TEXT(F20,"0.0000"),NER_WikiANN!$J$6:$J$59,0)),"") -> IndicBERT | E20: =IFERROR(INDEX(NER_WikiANN!$D$6:$D$59,MATCH(B20&"|"&C20&"|"&TEXT(F20,"0.0000"),NER_WikiANN!$J$6:$J$59,0)),"") -> Zero-shot | F20: =IFERROR(_xlfn.MAXIFS(NER_WikiANN!$E$6:$E$59,NER_WikiANN!$A$6:$A$59,B20,NER_WikiANN!$B$6:$B$59,C20),"") -> 0
A21: NER (WikiANN) | B21: Marathi | C21: Bhojpuri | D21: =IFERROR(INDEX(NER_WikiANN!$C$6:$C$59,MATCH(B21&"|"&C21&"|"&TEXT(F21,"0.0000"),NER_WikiANN!$J$6:$J$59,0)),"") -> IndicBERT | E21: =IFERROR(INDEX(NER_WikiANN!$D$6:$D$59,MATCH(B21&"|"&C21&"|"&TEXT(F21,"0.0000"),NER_WikiANN!$J$6:$J$59,0)),"") -> Zero-shot | F21: =IFERROR(_xlfn.MAXIFS(NER_WikiANN!$E$6:$E$59,NER_WikiANN!$A$6:$A$59,B21,NER_WikiANN!$B$6:$B$59,C21),"") -> 0
A22: NER (WikiANN) | B22: Marathi | C22: Maithili | D22: =IFERROR(INDEX(NER_WikiANN!$C$6:$C$59,MATCH(B22&"|"&C22&"|"&TEXT(F22,"0.0000"),NER_WikiANN!$J$6:$J$59,0)),"") -> IndicBERT | E22: =IFERROR(INDEX(NER_WikiANN!$D$6:$D$59,MATCH(B22&"|"&C22&"|"&TEXT(F22,"0.0000"),NER_WikiANN!$J$6:$J$59,0)),"") -> Zero-shot | F22: =IFERROR(_xlfn.MAXIFS(NER_WikiANN!$E$6:$E$59,NER_WikiANN!$A$6:$A$59,B22,NER_WikiANN!$B$6:$B$59,C22),"") -> 0

Sheet POS_Tagging
A1: Task: POS Tagging — Full Result Matrix
A2: Legend: yellow cells = fill in measured results. Green row = example format only, delete before use. Rows = Source x Target x Model x Strategy (3x2x3x3 = 54 rows). Column J (hidden) is a lookup key for the Main_Summary sheet — do not edit.
A4: Source Language | B4: Target Language | C4: Model | D4: Strategy | E4: Metric (F1) | F4: Metric (Accuracy) | G4: N (test examples) | H4: Notes / Source | J4: lookup_key
A5: Hindi | B5: Bhojpuri | C5: MuRIL | D5: Zero-shot | E5: 0.62 | F5: 0.71 | G5: 500 | H5: Example only — delete. Source: internal eval run, 2026-07-10
A6: Hindi | B6: Bhojpuri | C6: IndicBERT | D6: Zero-shot | J6: =A6&"|"&B6&"|"&TEXT(E6,"0.0000") -> Hindi|Bhojpuri|0.0000
A7: Hindi | B7: Bhojpuri | C7: IndicBERT | D7: Few-shot (200) | J7: =A7&"|"&B7&"|"&TEXT(E7,"0.0000") -> Hindi|Bhojpuri|0.0000
A8: Hindi | B8: Bhojpuri | C8: IndicBERT | D8: Joint training | J8: =A8&"|"&B8&"|"&TEXT(E8,"0.0000") -> Hindi|Bhojpuri|0.0000
A9: Hindi | B9: Bhojpuri | C9: MuRIL | D9: Zero-shot | J9: =A9&"|"&B9&"|"&TEXT(E9,"0.0000") -> Hindi|Bhojpuri|0.0000
A10: Hindi | B10: Bhojpuri | C10: MuRIL | D10: Few-shot (200) | J10: =A10&"|"&B10&"|"&TEXT(E10,"0.0000") -> Hindi|Bhojpuri|0.0000
A11: Hindi | B11: Bhojpuri | C11: MuRIL | D11: Joint training | J11: =A11&"|"&B11&"|"&TEXT(E11,"0.0000") -> Hindi|Bhojpuri|0.0000
A12: Hindi | B12: Bhojpuri | C12: XLM-R | D12: Zero-shot | J12: =A12&"|"&B12&"|"&TEXT(E12,"0.0000") -> Hindi|Bhojpuri|0.0000
A13: Hindi | B13: Bhojpuri | C13: XLM-R | D13: Few-shot (200) | J13: =A13&"|"&B13&"|"&TEXT(E13,"0.0000") -> Hindi|Bhojpuri|0.0000
A14: Hindi | B14: Bhojpuri | C14: XLM-R | D14: Joint training | J14: =A14&"|"&B14&"|"&TEXT(E14,"0.0000") -> Hindi|Bhojpuri|0.0000
A15: Hindi | B15: Maithili | C15: IndicBERT | D15: Zero-shot | J15: =A15&"|"&B15&"|"&TEXT(E15,"0.0000") -> Hindi|Maithili|0.0000
A16: Hindi | B16: Maithili | C16: IndicBERT | D16: Few-shot (200) | J16: =A16&"|"&B16&"|"&TEXT(E16,"0.0000") -> Hindi|Maithili|0.0000
A17: Hindi | B17: Maithili | C17: IndicBERT | D17: Joint training | J17: =A17&"|"&B17&"|"&TEXT(E17,"0.0000") -> Hindi|Maithili|0.0000
... A59: Marathi | B59: Maithili | C59: XLM-R | D59: Joint training | J59: =A59&"|"&B59&"|"&TEXT(E59,"0.0000") -> Marathi|Maithili|0.0000

Sheet Sentiment_Analysis
A1: Task: Sentiment Analysis — Full Result Matrix
A2: Legend: yellow cells = fill in measured results. Green row = example format only, delete before use. Rows = Source x Target x Model x Strategy (3x2x3x3 = 54 rows). Column J (hidden) is a lookup key for the Main_Summary sheet — do not edit.
A4: Source Language | B4: Target Language | C4: Model | D4: Strategy | E4: Metric (F1) | F4: Metric (Accuracy) | G4: N (test examples) | H4: Notes / Source | J4: lookup_key
A5: Hindi | B5: Bhojpuri | C5: MuRIL | D5: Zero-shot | E5: 0.62 | F5: 0.71 | G5: 500 | H5: Example only — delete. Source: internal eval run, 2026-07-10
A6: Hindi | B6: Bhojpuri | C6: IndicBERT | D6: Zero-shot | J6: =A6&"|"&B6&"|"&TEXT(E6,"0.0000") -> Hindi|Bhojpuri|0.0000
A7: Hindi | B7: Bhojpuri | C7: IndicBERT | D7: Few-shot (200) | J7: =A7&"|"&B7&"|"&TEXT(E7,"0.0000") -> Hindi|Bhojpuri|0.0000
A8: Hindi | B8: Bhojpuri | C8: IndicBERT | D8: Joint training | J8: =A8&"|"&B8&"|"&TEXT(E8,"0.0000") -> Hindi|Bhojpuri|0.0000
A9: Hindi | B9: Bhojpuri | C9: MuRIL | D9: Zero-shot | J9: =A9&"|"&B9&"|"&TEXT(E9,"0.0000") -> Hindi|Bhojpuri|0.0000
A10: Hindi | B10: Bhojpuri | C10: MuRIL | D10: Few-shot (200) | J10: =A10&"|"&B10&"|"&TEXT(E10,"0.0000") -> Hindi|Bhojpuri|0.0000
A11: Hindi | B11: Bhojpuri | C11: MuRIL | D11: Joint training | J11: =A11&"|"&B11&"|"&TEXT(E11,"0.0000") -> Hindi|Bhojpuri|0.0000
A12: Hindi | B12: Bhojpuri | C12: XLM-R | D12: Zero-shot | J12: =A12&"|"&B12&"|"&TEXT(E12,"0.0000") -> Hindi|Bhojpuri|0.0000
A13: Hindi | B13: Bhojpuri | C13: XLM-R | D13: Few-shot (200) | J13: =A13&"|"&B13&"|"&TEXT(E13,"0.0000") -> Hindi|Bhojpuri|0.0000
A14: Hindi | B14: Bhojpuri | C14: XLM-R | D14: Joint training | J14: =A14&"|"&B14&"|"&TEXT(E14,"0.0000") -> Hindi|Bhojpuri|0.0000
A15: Hindi | B15: Maithili | C15: IndicBERT | D15: Zero-shot | J15: =A15&"|"&B15&"|"&TEXT(E15,"0.0000") -> Hindi|Maithili|0.0000
A16: Hindi | B16: Maithili | C16: IndicBERT | D16: Few-shot (200) | J16: =A16&"|"&B16&"|"&TEXT(E16,"0.0000") -> Hindi|Maithili|0.0000
A17: Hindi | B17: Maithili | C17: IndicBERT | D17: Joint training | J17: =A17&"|"&B17&"|"&TEXT(E17,"0.0000") -> Hindi|Maithili|0.0000
... A59: Marathi | B59: Maithili | C59: XLM-R | D59: Joint training | J59: =A59&"|"&B59&"|"&TEXT(E59,"0.0000") -> Marathi|Maithili|0.0000

Sheet NER_WikiANN
A1: Task: NER (WikiANN) — Full Result Matrix
A2: Legend: yellow cells = fill in measured results. Green row = example format only, delete before use. Rows = Source x Target x Model x Strategy (3x2x3x3 = 54 rows). Column J (hidden) is a lookup key for the Main_Summary sheet — do not edit.
A4: Source Language | B4: Target Language | C4: Model | D4: Strategy | E4: Metric (F1) | F4: Metric (Accuracy) | G4: N (test examples) | H4: Notes / Source | J4: lookup_key
A5: Hindi | B5: Bhojpuri | C5: MuRIL | D5: Zero-shot | E5: 0.62 | F5: 0.71 | G5: 500 | H5: Example only — delete. Source: internal eval run, 2026-07-10
A6: Hindi | B6: Bhojpuri | C6: IndicBERT | D6: Zero-shot | J6: =A6&"|"&B6&"|"&TEXT(E6,"0.0000") -> Hindi|Bhojpuri|0.0000
A7: Hindi | B7: Bhojpuri | C7: IndicBERT | D7: Few-shot (200) | J7: =A7&"|"&B7&"|"&TEXT(E7,"0.0000") -> Hindi|Bhojpuri|0.0000
A8: Hindi | B8: Bhojpuri | C8: IndicBERT | D8: Joint training | J8: =A8&"|"&B8&"|"&TEXT(E8,"0.0000") -> Hindi|Bhojpuri|0.0000
A9: Hindi | B9: Bhojpuri | C9: MuRIL | D9: Zero-shot | J9: =A9&"|"&B9&"|"&TEXT(E9,"0.0000") -> Hindi|Bhojpuri|0.0000
A10: Hindi | B10: Bhojpuri | C10: MuRIL | D10: Few-shot (200) | J10: =A10&"|"&B10&"|"&TEXT(E10,"0.0000") -> Hindi|Bhojpuri|0.0000
A11: Hindi | B11: Bhojpuri | C11: MuRIL | D11: Joint training | J11: =A11&"|"&B11&"|"&TEXT(E11,"0.0000") -> Hindi|Bhojpuri|0.0000
A12: Hindi | B12: Bhojpuri | C12: XLM-R | D12: Zero-shot | J12: =A12&"|"&B12&"|"&TEXT(E12,"0.0000") -> Hindi|Bhojpuri|0.0000
A13: Hindi | B13: Bhojpuri | C13: XLM-R | D13: Few-shot (200) | J13: =A13&"|"&B13&"|"&TEXT(E13,"0.0000") -> Hindi|Bhojpuri|0.0000
A14: Hindi | B14: Bhojpuri | C14: XLM-R | D14: Joint training | J14: =A14&"|"&B14&"|"&TEXT(E14,"0.0000") -> Hindi|Bhojpuri|0.0000
A15: Hindi | B15: Maithili | C15: IndicBERT | D15: Zero-shot | J15: =A15&"|"&B15&"|"&TEXT(E15,"0.0000") -> Hindi|Maithili|0.0000
A16: Hindi | B16: Maithili | C16: IndicBERT | D16: Few-shot (200) | J16: =A16&"|"&B16&"|"&TEXT(E16,"0.0000") -> Hindi|Maithili|0.0000
A17: Hindi | B17: Maithili | C17: IndicBERT | D17: Joint training | J17: =A17&"|"&B17&"|"&TEXT(E17,"0.0000") -> Hindi|Maithili|0.0000
... A59: Marathi | B59: Maithili | C59: XLM-R | D59: Joint training | J59: =A59&"|"&B59&"|"&TEXT(E59,"0.0000") -> Marathi|Maithili|0.0000
